first_name,last_name,location,department,salary
Angela,Mangam,Żółkiewka,Accounting,$35416.88
Jennilee,Painswick,Aldeia do Bispo,Human Resources,$7058.35
Virgilio,Willwood,Miaoshi,Services,$15004.58
D'arcy,Bonde,Tshikapa,Sales,$38419.33
Nelia,enzley,Kapuan,Services,$26904.04
Willabella,Sweeten,Aborlan,Accounting,$21114.83
Amalie,Bruckman,Huangshi,Sales,$34089.08
Michele,Wagerfield,Nowa Ruda,Research and Development,$19839.81
Merrie,Randerson,Pärnu-Jaagupi,Human Resources,$36332.99
Jorie,Maclaine,Zongzhai,Business Development,$39904.30
Gabie,Langran,Guéret,Marketing,$2177.27
Cassie,Kelcey,Al ‘Awjā,Business Development,$13843.28
Dana,Borres,Telêmaco Borba,Support,$3431.00
Ashleigh,Chezelle,Jinhe,Accounting,$12236.55
Rolando,Gigg,Baška Voda,Legal,$7015.87
Clarine,Deval,Hechuan,Training,$15207.44
Iain,Dunnico,Komenda,Accounting,$20268.08
Teresita,Matasov,Muliang,Business Development,$17419.74
Jilleen,Berzons,Piedra del Águila,Product Management,$27936.93
Bert,Spacy,Isahaya,Engineering,$17834.44
Betteann,Clashe,Nieborów,Services,$29926.92
Jeanette,Gallaway,Bailizhou,Accounting,$3551.12
Rollins,Leggin,Betioky,Legal,$19511.00
Denver,Bourne,Legok,Training,$1585.50
Desirae,Mazonowicz,Brignoles,Engineering,$6491.97
Kermy,Bygott,Penamacor,Engineering,$8501.81
Marguerite,Stanley,Cerro Colorado,Services,$31109.73
Sanford,Rolfs,Jelbuk,Business Development,$23750.14
Brandea,Boss,Olmos,Sales,$38356.27
Henryetta,Holme,Oematnunu,Marketing,$37904.05
Klemens,Tellett,Shanhou,Support,$7668.07
Holly,Hannay,Yaita,Services,$7526.31
Michal,Hampton,Dos Quebradas,Accounting,$29618.68
Gypsy,Kattenhorn,Mount Ayliff,Engineering,$14043.79
Anastassia,Sabathe,Springfield,Sales,$27758.49
Garvey,Birden,Sesheke,Services,$10475.99
Johna,Fordyce,Cocieri,Marketing,$6710.57
Madelyn,Reynalds,Shuikou,Business Development,$7312.87
Derrek,Buckner,Baalbek,Support,$2738.50
Melina,Doonican,Lingqian,Training,$20701.04
Lawton,Pedgrift,Cigenca,Research and Development,$6352.04
Sinclare,Jillitt,Ban Chalong,Accounting,$36844.37
Bronnie,Churchley,Putrajawa,Business Development,$6918.44
Nora,Asee,Buenos Aires,Product Management,$1571.57
Portia,Jephcote,Kobiernice,Accounting,$14571.30
Aline,Baxstar,Santa Catalina,Product Management,$25472.87
Joelie,Burnel,Carepa,Human Resources,$31721.91
Amara,Blowen,Mekarsari,Training,$24390.83
Alejandrina,Jamrowicz,Baoshan,Services,$10386.33
Page,Owtram,Diapaga,Marketing,$33534.35
Zeke,Testin,Telêmaco Borba,Accounting,$3582.71
Grove,Clunan,Yuandianhui,Support,$19086.41
Tracey,Kilius,Rawasan,Marketing,$30778.53
Doralynne,Schollick,Chengshan,Support,$37808.50
Willard,Checketts,Tantu,Accounting,$29997.88
Anastassia,Vinsen,Kwangju,Support,$38776.58
Cherey,Jurewicz,Xianyi,Business Development,$24685.87
Olwen,Proschke,Markaz Bilād aţ Ţa‘ām,Human Resources,$27693.57
Hubert,Puleston,Lubao,Human Resources,$25618.10
Cammy,Devonside,Tržič,Training,$27043.10
Sonnie,Courtliff,Cristalina,Engineering,$37157.84
Giraud,Rippingall,Lille,Marketing,$15811.66
Frances,Davydkov,Ban Pong,Product Management,$16783.11
Stevie,Wallicker,Chimbas,Support,$22705.07
Fan,Goldster,Gancheng,Research and Development,$32255.31
Tonie,Blomefield,Oslo,Accounting,$15961.14
Kellsie,Burtwell,Ipil,Sales,$27569.77
Nissy,de Nore,Puzi,Services,$21074.79
Helsa,Zorzin,Juyuan,Sales,$12306.21
Merridie,Dunkinson,Shreveport,Support,$31889.58
Chrissie,Lickorish,Satuba,Legal,$1892.60
Garrett,Boddie,Höviyn Am,Sales,$29780.38
Sigmund,Petracco,Barrinha,Sales,$29539.05
Doralia,Chadd,Sindangsuka,Research and Development,$14015.59
Iorgos,Damp,Jalinan,Support,$36770.06
Rube,Burgane,Morgados,Legal,$21195.72
Tarah,Laughtisse,Doksy,Product Management,$10414.23
Anallese,Rubee,Ayrihuanca,Support,$26910.55
Nichole,Gourlie,Belung Satu,Services,$11111.56
Al,O'Driscole,Santo Amador,Training,$1427.46
Gilli,Gilcrist,Baruunturuun,Sales,$32026.10
Udall,Whytock,Pukë,Sales,$18802.04
Ingamar,Ekkel,Pélla,Product Management,$10870.64
Jorey,Nias,Jaciara,Business Development,$37837.85
Anastasie,MacFadyen,Lívingston,Training,$39666.56
Tami,Vurley,Suita,Legal,$29787.62
Normie,Fisbey,Ta’ Xbiex,Accounting,$27338.53
Heather,Succamore,Neuilly-sur-Marne,Sales,$31325.70
Cullie,Caw,Göteborg,Engineering,$24848.24
Mikael,Loynes,Yupiltepeque,Business Development,$19058.65
Becka,Beart,Sakule,Business Development,$6182.17
Ron,Aberkirder,Jianlong,Support,$26326.17
Shalne,Kaindl,Hallstavik,Human Resources,$37703.45
Dorie,Dilloway,Pukhavichy,Legal,$12030.87
Yoshiko,Wilcot,Vyerkhnyadzvinsk,Accounting,$26892.91
Nadine,Hacker,Bohus,Product Management,$26864.98
Clary,Zarfat,Las Vegas,Legal,$21996.51
Cherri,Hucknall,Al Mawşil al Jadīdah,Human Resources,$35539.85
Ian,Howgego,Jian’ou,Services,$24582.13
Esdras,Snoden,Monte de Fralães,Engineering,$34574.13
Ayn,Maffini,Mikhaylovsk,Training,$10717.18
Prudence,Kewley,Ichinomiya,Product Management,$16046.78
Barnard,Poundsford,Chesapeake,Research and Development,$21099.35
Aleen,Koppes,Ostuncalco,Marketing,$14917.83
Norman,Dilgarno,Matozinhos,Legal,$18319.92
Eveleen,Goldsbury,Soisy-sous-Montmorency,Services,$20521.37
Urbanus,Cordingly,Santa Elena de Uairén,Training,$23496.17
Fanny,Chessel,Qümong,Research and Development,$10046.29
Coleen,Sagar,Wādī as Salqā,Business Development,$22751.44
Yurik,Van der Kruis,Oklahoma City,Accounting,$24065.28
Murry,Bolderoe,Palaiochóri,Legal,$1502.94
Dniren,Algore,Louriceira,Marketing,$33568.23
Sallie,Gettens,Borås,Engineering,$39316.67
Jeanie,Cohen,Chuntai,Research and Development,$7367.69
Donny,Janecki,Palkino,Legal,$12298.84
Darice,Joret,Wangzha,Services,$1321.78
Melanie,Grimwood,Aripuanã,Accounting,$24271.42
Constancia,Blesli,Purral,Legal,$13805.08
Modestia,Newstead,Dahewan,Support,$23209.18
Hedwiga,Odhams,Vitim,Training,$10377.15
Domini,Thorpe,Sława,Research and Development,$21011.00
Skye,Peile,Dingbu,Research and Development,$8201.09
Queenie,Tumbelty,Guararé,Business Development,$22211.81
Nan,Gallone,Pigeiros,Services,$17996.24
Timmy,Moorwood,Wilczyce,Training,$20428.67
Monica,Gorke,Zhongzuiling,Training,$32853.97
Tamara,Espinas,Lelydorp,Marketing,$5888.99
Domini,Mager,Hepu,Marketing,$26935.13
Janek,Colliford,Yangzhen,Product Management,$15986.59
Emera,Dungate,Sumurber,Engineering,$31730.80
Milicent,Stanley,Arapiraca,Legal,$11857.16
Merralee,Hawford,Hongkeli,Sales,$16332.86
Walsh,Girtin,Chābahār,Sales,$1720.65
Vivia,Bamsey,Mombaça,Legal,$21141.46
Harley,Crollman,Vitrolles,Legal,$16096.13
Elicia,Bohlje,Novospasskoye,Legal,$15602.51
Vail,Lindbergh,Anguera,Services,$21794.72
Stormie,Aluard,Barretos,Product Management,$37235.87
Stanley,Purkess,Talcahuano,Human Resources,$25003.60
Hannie,Branston,Bobo-Dioulasso,Research and Development,$9912.62
Rita,Sedgebeer,Curiapo,Legal,$5103.14
Florentia,Lyst,Sezimovo Ústí,Research and Development,$10521.96
Bailey,Carlet,Nakano,Accounting,$30519.94
Florian,Donnersberg,Villa Ascasubi,Research and Development,$19437.01
Felipa,Jadczak,Brylivka,Services,$11698.56
Ame,Niven,Nangerang,Engineering,$18118.85
Clayton,McGuckin,Nicolet,Product Management,$20772.90
Rikki,Wiggington,Al Hufūf,Product Management,$37313.20
Patty,Willingam,Głowno,Marketing,$35425.10
Gilberte,Sweed,Dorp Antriol,Sales,$27352.98
Benedict,Huge,Asan,Business Development,$30932.48
Dulcy,Kimmons,Tanay,Human Resources,$4903.81
Lynde,Allawy,Estaca,Human Resources,$7205.30
Penrod,Maylor,San Francisco,Engineering,$21516.82
Anjanette,Cammell,Goúrnes,Legal,$25354.52
Bobbi,Stucksbury,La Loma,Training,$2831.23
Matthew,Beever,San Marcos,Marketing,$25287.87
Trueman,Sleford,Marvdasht,Support,$23009.38
Shepherd,Clendening,Jasaan,Training,$8880.75
Camala,Seares,Rano,Business Development,$24021.54
Wang,Whickman,Mabini,Accounting,$34558.50
Cyrillus,Ivens,Obolo-Eke (1),Support,$2236.91
Mattias,Manjin,Anxiang,Support,$21055.16
Natalee,Klima,Salon-de-Provence,Training,$34626.70
Gabi,Samworth,Supu,Marketing,$35420.85
Jeramie,Sturr,Choibalsan,Product Management,$23113.74
Kelley,Lindfors,Funchalinho,Product Management,$3080.35
Man,Montrose,Kuala Lumpur,Human Resources,$21339.68
Letitia,Wolledge,Tucuruí,Human Resources,$1195.40
Ike,Larwood,Uga,Accounting,$26473.58
Iormina,Glasscock,Baoji,Services,$29615.43
Emily,Pischel,Palatine,Legal,$20281.94
Clevey,Owtram,Wilfrido Loor Moreira,Marketing,$2059.72
Shari,Van Dalen,Banjar Bias,Support,$22384.39
Ariel,Rihosek,Dapitan,Business Development,$35238.12
Andrey,Paish,Feričanci,Research and Development,$9873.19
Cherie,Grishaev,Ostrów Lubelski,Legal,$21985.06
Kali,Berndtssen,Zhaojia,Business Development,$21096.61
Darrel,Boerderman,Even Yehuda,Engineering,$10191.04
Reina,Murrell,Buenavista,Support,$34230.92
Andy,Filyaev,El Cerrito,Support,$23877.66
Kelcey,Rechert,Jurva,Sales,$17861.45
Obadiah,Puddle,Ḥurfeish,Sales,$33790.50
Eadith,Hrinchenko,Jiangna,Marketing,$8542.83
Germain,Jedrzaszkiewicz,Dzięgielów,Legal,$18884.82
Dur,March,Pingxiang,Accounting,$13512.76
Mellicent,Fusco,Marfino,Sales,$12794.34
Duff,Patten,Longcun,Engineering,$30336.08
Emelen,Melody,Uyugan,Accounting,$6178.46
Phyllis,Breslane,Huohua,Sales,$22460.34
Ninnetta,Muscat,Şirrīn ash Shamālīyah,Product Management,$5869.35
Briana,Sivyer,Чегране,Human Resources,$2239.35
Cherri,Beadnall,Habartov,Training,$24354.01
Alejoa,Posen,Pagelaran,Legal,$4316.84
Sax,MacPadene,Katrineholm,Business Development,$29245.82
Fredra,Pryn,Voyskovitsy,Research and Development,$9384.83
Verla,Hannam,Unisław,Product Management,$19796.86
Marnie,Meese,Al ‘Azīzīyah,Support,$33001.07
Bellina,Andresen,Blagaj,Services,$36557.18
Joseph,Gisbye,Sergokala,Sales,$9350.01
Jacquelin,Priestley,Campo Largo,Research and Development,$11265.96
Ulick,Simanenko,Tyumen,Training,$11971.32
Kessiah,Brignall,Charlottetown,Business Development,$32028.22
Doretta,Church,Maonon,Accounting,$38029.38
Radcliffe,Lindemann,Ayolas,Training,$12196.21
Iseabal,Blasetti,Herrera,Accounting,$20327.83
Graig,Dunster,Dongsheng,Sales,$27121.15
Gwen,O'Henecan,Chonogol,Training,$37691.21
Alyson,Arkow,Kostyantynivka,Support,$6855.66
Lilian,Sharpin,Muruy,Business Development,$27275.36
Brita,Rigbye,Třebíč,Accounting,$26154.60
Cherlyn,Narbett,Akhaldaba,Product Management,$12237.22
Massimo,Shoppee,Portalegre,Accounting,$26816.75
Harmon,Tyght,Boshkengash,Engineering,$31188.18
Leontine,Challicum,Talca,Sales,$15284.75
Roddy,Simond,Hartswater,Training,$2269.40
Gertrud,Broseke,Pedro Leopoldo,Sales,$24880.73
Calypso,Kidds,Shangbahe,Legal,$19113.43
Lyndsie,Lowater,Novais,Support,$29634.92
Gaultiero,Munton,Bayt ‘Awwā,Research and Development,$17408.32
Elihu,Booler,Hetou,Engineering,$27502.62
Daffie,Van der Velden,Prislonica,Human Resources,$32284.30
Michaelina,Rowth,Chemin Grenier,Support,$33079.99
Lamar,Mannion,U Minh,Accounting,$33404.72
Alf,Twyford,Tari,Engineering,$31187.82
Danila,Seman,Chancay,Marketing,$38977.07
Joane,Kennett,Talaibon,Engineering,$36062.14
Sandro,Kapelhof,Cairani,Product Management,$32591.74
Ive,LaBastida,Hecheng,Human Resources,$34385.67
Durante,Mosdill,Nanterre,Support,$6015.53
Devondra,Patshull,Nelspruit,Accounting,$28672.82
Orella,Lindback,Leopoldina,Legal,$35360.10
Waldon,Ianizzi,Chenguang,Marketing,$17007.18
Vania,Chitson,Zhinvali,Business Development,$14280.28
Kareem,Reading,Bokor,Sales,$29178.09
Gracia,Pund,Nelson,Support,$15241.28
Hilly,Malimoe,Antabamba,Legal,$23923.58
Kelly,Joost,Tai’an,Training,$34390.75
Delinda,Oldfield-Cherry,Puncaksari,Services,$28677.60
Giulietta,Katt,Semirara,Human Resources,$9487.94
Barthel,Houseman,Fengshou,Services,$13581.67
Ashia,Ferrucci,Frederiksberg,Training,$3235.85
Gratiana,Tremblett,Tílisos,Services,$37173.15
Mikol,Adamkiewicz,Thị Trấn Thất Khê,Support,$5445.29
Abram,Gariff,Chengjiao,Training,$10975.81
Karole,Kleinhandler,Limeil-Brévannes,Product Management,$22926.05
Pauly,Ivanonko,Port Maria,Accounting,$5113.73
Gerald,Rennolds,Baoshan,Support,$35436.24
Martelle,Manuele,Bafoussam,Legal,$1928.42
Ivett,Bonsall,Vratsa,Product Management,$1625.28
Hermina,Duthie,Anuradhapura,Human Resources,$3237.10
Cross,Daintry,Châu Thành,Marketing,$39199.22
Sonja,Bloodworth,Zambujal,Services,$27802.95
Ianthe,Litton,Nice,Sales,$24579.10
Demetre,Baton,Sanquan,Sales,$36710.62
Jerrie,Sumsion,Pulosari,Sales,$36105.14
Chadwick,Walentynowicz,Mae Sot,Support,$4227.39
Beverly,Pieters,Maebashi-shi,Accounting,$5603.80
Corrina,Van der Spohr,Annaka,Accounting,$13989.60
Adrian,Sokill,Ängelholm,Business Development,$8822.44
Roy,Kerans,Acaraú,Support,$26622.74
Mead,McBean,Wojnicz,Product Management,$6407.26
Walden,Dupoy,Calibungan,Services,$6114.15
Pavia,Gierhard,Shi’ao,Engineering,$17626.89
Nixie,Matieu,Phú Túc,Marketing,$6304.78
Gothart,Swansbury,Alimono,Business Development,$32519.80
Rusty,Fozard,Santa Rosa,Sales,$24220.77
Nari,Tacker,Valašská Bystřice,Business Development,$15304.61
Dennison,Minghetti,Drezdenko,Human Resources,$6131.27
Rodolfo,Lomas,Apiaí,Legal,$28279.17
Daria,Laminman,Ksawerów,Services,$14321.63
Fabe,Wray,Banatski Dvor,Sales,$1006.29
Hedwig,Montfort,Youchou,Accounting,$36312.16
Yard,Rusbridge,Grudë-Fushë,Support,$22781.34
Erwin,Swendell,Atbasar,Product Management,$12928.18
Doreen,Mockler,Mertert,Training,$28765.32
Francis,Spuner,Rimbo,Services,$13807.48
Lyssa,Gurery,Pavlovsk,Business Development,$28969.63
Saleem,Glencrash,Prestea,Human Resources,$14654.27
Maurise,Dhenin,Gaofeng,Engineering,$7335.71
Clo,Zack,Gombe,Services,$24587.11
Lorene,Joddins,Köyliö,Research and Development,$3279.96
Harley,Trotton,Gramaços,Support,$16005.53
Ana,Bascomb,Pakuwon,Sales,$33433.45
Florenza,Cruess,Xinshichang,Legal,$27411.25
Nevins,Beardsdale,Taoyuan,Legal,$18376.27
Rodge,McMichan,Penco,Support,$23856.37
Goddart,Raphael,Nggelok,Legal,$8310.29
Barbabra,Strowthers,Isawa,Product Management,$34606.43
Thedric,Lampard,Thun,Support,$16659.44
Sibley,McAllen,Sukamaju Kidul,Support,$22383.38
Kathleen,Flecknell,Arvika,Accounting,$19903.67
Noelyn,Ashe,Nianba,Services,$15471.72
Travers,MacKowle,Woshui,Product Management,$13922.02
Bradney,Duncan,Jitan,Marketing,$21672.02
Leonard,Gutcher,Niepos,Engineering,$36683.67
Remus,Rowntree,Nedryhayliv,Engineering,$6418.43
Lydia,Winslett,Cortezia,Sales,$26146.24
Ramonda,Bampkin,Wolbrom,Business Development,$7738.34
Francine,Frushard,São Mateus do Sul,Human Resources,$29241.82
Kelwin,Simonson,Sepatan,Research and Development,$20345.75
Mischa,Lacroutz,Lumijoki,Human Resources,$5921.61
Bron,Cheese,Imider,Marketing,$3207.64
Giorgio,Surmeyer,Sanhe,Human Resources,$24266.55
Lilli,McGinn,Neikeng,Accounting,$20325.93
Derrick,Vila,Açucena,Engineering,$19073.81
Morgen,Shorrock,Bayt ‘Anān,Training,$25638.36
Marice,Todman,Ntsoudjini,Human Resources,$29572.98
Natalee,Aronsohn,London,Research and Development,$18536.89
Margarete,Pighills,Nonoichi,Support,$25581.31
Annamaria,Cream,Buenos Aires,Research and Development,$32139.19
Hilario,Provost,Tapayan,Product Management,$2570.08
Bili,Franc,Allanridge,Accounting,$7045.43
Suellen,Grindrod,Regueiro,Engineering,$7886.34
Shayne,Olivella,Otutara,Accounting,$21205.49
Joellyn,Worner,Tegalloa,Research and Development,$39332.32
Gaile,Hamper,Bagong Pagasa,Business Development,$36704.67
Theodor,Brailsford,Pasirmalang,Accounting,$38290.04
Norean,Bielefeld,Pikalëvo,Support,$13838.34
Winnifred,Bostick,Pīshvā,Product Management,$24525.48
Barbabas,Janous,Ganting,Marketing,$18803.80
Hewet,Heifer,Luqiao,Engineering,$18806.37
Dorette,Scotchforth,Shimokizukuri,Business Development,$28872.57
Ximenez,Glentz,Cihaur,Sales,$19682.03
Richard,Shewry,Cijangkar,Legal,$4769.73
Rani,Skipton,Maţāy,Sales,$26758.33
Pauly,Attwood,Yangyuan,Business Development,$7771.87
Sloane,Edmeads,Chechen-Aul,Business Development,$28874.86
Silvie,Norcliff,Lučina,Services,$25194.40
Nil,Barthrop,Thị Trấn Yên Thịnh,Business Development,$27811.05
Franni,Burleigh,Addiet Canna,Legal,$12602.04
Stepha,Durbin,Buyant,Research and Development,$28832.57
Franny,Balaison,Mariposa,Marketing,$27759.78
Christiane,Gynn,Cumming,Business Development,$18948.88
Dilly,Lorrimer,Lancang,Engineering,$1632.60
Fey,Cowper,Hongxi,Sales,$15839.85
Arleyne,Ranson,Samanco,Legal,$3671.14
Krystal,Liggons,Lammi,Engineering,$39024.25
Evanne,Wooffitt,Goianira,Training,$12880.19
Hettie,Lante,Sukamulya,Marketing,$19153.70
Virginie,Verbrugghen,Luleå,Engineering,$11590.88
Codi,Lys,Chanthaburi,Accounting,$27376.43
Javier,Filliskirk,São José,Training,$30722.61
Barny,Lewing,Weiyang,Support,$17764.27
Thomasa,Hele,Cairo,Support,$1106.59
Evelyn,Hickin,Mateur,Support,$2976.02
Atlanta,O'Scanlan,Sukacai,Product Management,$26352.25
Dukey,Cutchie,Monastyryshche,Support,$39870.79
Caro,Roscow,Łąck,Training,$12606.80
Libbey,Slemmonds,Doubrava,Product Management,$10291.97
Albert,Tutton,Tashanta,Services,$6666.83
Denna,Yitzhakov,Palhoça,Services,$8004.27
Zackariah,Lamminam,Bang Len,Human Resources,$24193.26
Georgine,O'Keefe,Gritsovskiy,Sales,$14677.27
Elysha,Battista,Pospelikha,Business Development,$35090.92
Niels,Woodgate,Jinlong,Marketing,$28604.87
Eveline,Ebanks,Bagu,Training,$8994.72
Doll,Liveing,Nunhala,Support,$23396.24
Cly,Harford,Jianshe,Business Development,$33663.43
Dimitry,Skerman,Banjar Tengahbelayu,Services,$33187.30
Hirsch,Floyd,Teluk Pinang,Sales,$3348.93
Noemi,O'Donohue,Cox’s Bāzār,Engineering,$36923.34
Karissa,Presshaugh,Jambeyan,Legal,$1664.99
Agace,Decourcy,Bagacay,Sales,$23254.35
Edgar,Behrend,Lyon,Accounting,$21190.60
Nikoletta,L'Episcopi,Bodeh,Accounting,$4097.33
Agnese,Dunstone,Jandayan,Services,$12047.93
Batsheva,Vernham,La Curva,Legal,$31745.84
Jocelin,Goldstein,Falefa,Product Management,$26250.72
Karena,Kleeman,Vysoké nad Jizerou,Services,$8765.99
Marcella,Northey,Yelizavetinskaya,Sales,$9119.47
Cher,Gouldthorp,Mekarsari,Accounting,$28385.58
Dalila,Lakin,Mariana,Research and Development,$13882.26
Annie,Reddy,Nova Lima,Services,$27195.78
Glad,Casaccia,Ar Rahad,Sales,$25490.40
Ellyn,Merrison,Chuandao,Marketing,$16935.36
Clemens,Cosyns,Yimnón,Legal,$19540.97
Selena,Chatelet,Laxey,Accounting,$5253.57
Westleigh,Benck,Bayt Wazan,Sales,$15217.34
Adrianne,Pagon,Agualote,Training,$15981.93
Corilla,Quarrington,Raminho,Research and Development,$1575.21
Ashleigh,Mattacks,Alicia,Training,$8665.49
Les,Zylbermann,Espera Feliz,Services,$34605.58
Auberta,Kilgallon,Shalushka,Business Development,$3823.14
Irwin,Brownsell,Qinglong,Business Development,$10461.90
Stern,MacManus,Paucar,Sales,$3250.37
Rufe,Luckcuck,Noginsk,Accounting,$20396.43
Artur,Kupka,A Yun Pa,Accounting,$37829.25
Tedda,Dutnell,Butwāl,Product Management,$27863.93
Terrell,Kike,Monte Redondo,Support,$3186.32
Cristen,Kenwrick,Plymouth,Business Development,$34977.81
Whitney,Tranfield,Santa Cruz de la Sierra,Engineering,$14838.50
Ethelyn,Headford,Corcuera,Business Development,$23704.50
Dory,Gallimore,Pedraza,Legal,$34857.52
Sonnie,Healings,Żórawina,Accounting,$37726.24
Annora,Riccardelli,Tangwu,Engineering,$24716.70
Stanleigh,Spender,Portela,Legal,$9259.05
Abbe,Deacock,Koanara,Training,$13395.65
Andy,Bortol,Staré Křečany,Training,$8770.60
Eliot,Skerrett,Daguma,Support,$17659.45
Lily,Folan,Jam,Marketing,$31516.25
Phaedra,Emberton,Klášter,Training,$13884.49
Addison,Faint,Pojok,Accounting,$28935.63
Berri,Shortland,Gore,Support,$35391.36
Horatius,Saintsbury,Genang,Business Development,$30505.17
Christa,Le feuvre,Binulasan,Business Development,$26085.21
Melodee,Boch,Nanjie,Legal,$36371.39
David,Gilfoy,Konso,Training,$2913.19
Immanuel,Alp,Primorka,Accounting,$13905.98
Loutitia,Kennard,Basel,Services,$12086.70
Arlie,Doggett,Lajkovac,Accounting,$23334.48
Althea,Elliff,København,Human Resources,$37148.87
Andrei,Whawell,Tash-Kumyr,Marketing,$8708.80
Heda,Sommerlin,San Pablo,Support,$19606.03
Daphna,Brennon,Cercal,Engineering,$11550.28
Lowrance,Nuzzi,Diaopu,Sales,$8930.83
Teri,Flockhart,Haixing,Human Resources,$30332.91
Suzanna,Skipper,Fray Bentos,Support,$26736.28
Pegeen,Forster,Goroka,Legal,$32313.18
Veronika,Ruhben,Boussé,Business Development,$20924.97
Angel,Vero,Kabare,Services,$20545.72
Cullin,Casacchia,Kökar,Training,$11159.52
Jereme,Summerlee,Zhangjiafan,Support,$37772.08
Marika,Arnaudon,Qiucun,Marketing,$12326.78
Sheff,Lemonnier,Banjar Cemenggon,Sales,$26897.08
Morley,Duesbury,Fāryāb,Product Management,$3013.15
Jaquenetta,Legrand,Oslo,Accounting,$37238.04
Ingunna,Jiras,Xiangshan,Support,$22144.53
Dehlia,Perrie,Thị Trấn Mường Lát,Services,$2857.82
Ingeborg,Rentz,Springfield,Sales,$21864.93
Jerry,Cuffe,Spas’ke,Sales,$31971.15
Bevin,Barents,Shangyi,Sales,$9672.02
Germaine,Perrottet,Rama,Services,$32069.62
Eden,Tansly,Sekolan,Human Resources,$28619.36
Rick,Lissenden,Vazante,Research and Development,$17531.25
Anastasie,McQuirk,Houjia,Marketing,$29130.84
Gayle,Savary,Yinhedahan’er,Engineering,$18347.90
Anne-marie,Pitcaithly,Emnambithi-Ladysmith,Support,$38234.36
Caitlin,Raisbeck,Áno Kalentíni,Human Resources,$25012.82
Barnabas,Stearley,Kholbon,Legal,$19233.95
Ingram,Churn,Hegarmanah,Accounting,$25917.22
Willy,Silbersak,Leskolovo,Training,$28586.23
Hewet,Wastall,Conceição da Feira,Research and Development,$7145.05
Poul,Pedrol,Plovdiv,Engineering,$21262.82
Sasha,Dupre,Salgado,Product Management,$19957.04
Roderic,Baterip,Drajak,Accounting,$19167.30
Ardath,Blacktin,Nanterre,Services,$34787.22
Tabby,Russell,Diffa,Sales,$23905.76
Pooh,Penke,Nikolayevsk,Product Management,$9524.15
Saxon,Mateja,Kawanishi,Product Management,$9618.58
Leticia,Yakebovitch,Shaowu,Training,$27963.39
Carlye,De Simoni,San Lucas Sacatepéquez,Legal,$12427.40
Rhianna,Rowland,Nanlu,Accounting,$3118.36
Ripley,Grigorey,Santa Clara,Research and Development,$23162.57
Temple,Gummery,Erdao,Accounting,$35515.34
Godart,Elverston,Makuyuni,Support,$30922.83
Allin,Allwright,Annecy-le-Vieux,Training,$21905.38
Jesse,Bolan,Ica,Sales,$18095.41
Tabbitha,Tully,São Domingos,Legal,$34372.38
Ikey,Clulee,Höfn,Accounting,$36375.90
Hy,Pipes,Novi Slankamen,Legal,$29619.19
Vitoria,Klyner,Staryy Krym,Human Resources,$37969.50
Chelsy,Gentreau,Massakory,Human Resources,$5556.25
Dukie,Saipy,El Limon,Research and Development,$32043.48
Herrick,Bussel,Gaofeng,Sales,$30628.67
Edan,Roughsedge,Kalinovo,Legal,$38904.95
Woodrow,Bartolomieu,Sukadana,Product Management,$28334.35
Kane,Aime,Jandira,Services,$8846.78
Margaretha,Stanistreet,Guarulhos,Business Development,$20829.97
Lombard,Jeyness,Sandaoba,Marketing,$13234.23
Jo-anne,Blanshard,Prata,Human Resources,$33521.38
Brandyn,Nutbean,Guangchen,Business Development,$12454.35
Silvia,Warman,Jinotepe,Services,$38564.67
Mahmud,Twede,Tajrīsh,Product Management,$17412.77
Lorinda,Gokes,Växjö,Business Development,$24013.71
Lissi,Howler,Puerto Asís,Sales,$15571.65
Florentia,Aslin,Zalishchyky,Training,$4678.07
Miltie,Kerwick,Mizoch,Support,$31953.61
Lauri,Sprigging,Caen,Marketing,$33183.58
Henriette,Khidr,Al Bāţinah,Training,$21855.93
Madelin,Davydkov,Marteleira,Research and Development,$4306.74
Giulietta,Scardifield,Yimamu,Business Development,$17355.34
Cari,Maffy,Dourados,Marketing,$3754.65
Uriah,Blackburne,Kyzyldzhar,Sales,$39073.53
Cordy,Raoul,Tengah,Training,$18443.90
Carmon,Shepton,Domoni,Human Resources,$26027.93
Conn,Kob,Norrtälje,Accounting,$8080.48
Kristos,Litt,Op,Business Development,$26475.27
Marrilee,Calder,Taounza,Legal,$1545.40
Inglis,Fallen,Richmond,Engineering,$35352.82
Nollie,Driscoll,Marquard,Sales,$30722.91
Desmund,Hurtado,Cikadu,Human Resources,$16294.35
Ambrosio,Bleibaum,Khao Khitchakut,Human Resources,$2554.68
Glenine,Geyton,Lawesigalagala Timur,Marketing,$19720.81
Zebedee,Verrillo,Kalinkavichy,Engineering,$27089.86
Kari,Greenier,Magdalena,Accounting,$36624.91
Domingo,Cotsford,Matsena,Human Resources,$14432.24
Barrett,Adess,Ciudad Darío,Product Management,$31312.84
Rossy,Bows,Raci Kulon,Accounting,$26529.21
Julee,Caswell,Krajan,Human Resources,$17517.54
Rosalie,Shillington,Wan’an,Marketing,$28174.54
Worth,Selwin,Peoria,Training,$24181.68
Timothy,Andreacci,Agía Varvára,Marketing,$2745.06
Gustie,Cawcutt,Kanḏay,Marketing,$30184.13
Vanda,Foss,Dolinsk,Human Resources,$38804.24
Roberto,Kieran,Afántou,Support,$2790.62
Garfield,Hunter,Tamberías,Research and Development,$20331.41
Rosalyn,Lints,Huqiu,Sales,$16596.63
Hailee,Sirmon,Kuala Lumpur,Business Development,$4879.88
Newton,Godwyn,Boden,Accounting,$12439.30
Guglielma,Puckrin,Stockholm,Marketing,$21607.71
Gwenni,Brownlow,Khuzhir,Support,$10456.93
Luelle,Lidgertwood,Hualong,Business Development,$35007.84
Grady,Congrave,Cukangpanjang,Human Resources,$20825.63
Cassandra,Pavinese,Agen,Sales,$21659.73
Friedrick,Van Waadenburg,Nagahama,Sales,$1239.56
Brantley,Aggs,Molo,Support,$5239.12
Geordie,Sirrell,Utsunomiya-shi,Human Resources,$18809.17
Shayna,Kerner,Yong’an,Product Management,$1041.55
Wolf,Liggett,Estaca,Training,$23140.14
Eugine,Spurdon,Sydney,Sales,$30629.50
Phil,Kofax,Pangansalan,Accounting,$11235.43
Gerard,Pershouse,Umbultanjung,Sales,$16127.95
Sauncho,Cubberley,Zhili,Engineering,$14340.57
Cynde,Pengilley,Kepoh,Human Resources,$14821.07
Lina,Vidyapin,Kafr ad Dīk,Product Management,$4195.52
Almeda,Iozefovich,La Fortuna,Research and Development,$18975.63
Ludvig,Domenici,Nogueira,Services,$17292.37
Effie,Bugg,General Luna,Product Management,$4896.19
Daniele,Shurman,Dasheng,Research and Development,$6466.51
Dulcine,Trewinnard,Fengniancun,Product Management,$18634.72
Myer,Esherwood,Nyalindung,Engineering,$3433.14
Elvira,Ivey,Al ‘Alamayn,Marketing,$14464.97
Eleanora,Gavini,Fangtian,Support,$12157.80
Cathe,Marzelo,Bojonggaling,Training,$25076.03
Fran,Grigs,Shengshan,Accounting,$32510.00
Bentlee,Tullett,Saint Hubert,Product Management,$25418.21
Elsworth,Titford,Cikondang,Training,$24216.55
Panchito,Kleinhaus,Mingzhong,Training,$8156.14
Stevy,Deviney,Mirpur Khas,Accounting,$19407.90
Clarice,McAne,Dongbang,Accounting,$28820.11
Tabatha,Manuel,Ampelákia,Accounting,$37329.63
Nataline,Campelli,Pirojpur,Sales,$33408.55
Madelena,Sames,Minato,Services,$31665.48
Dacie,Jelk,Kapsan-ŭp,Engineering,$10681.03
Marabel,Vanyushkin,Cikou,Services,$14357.86
Doy,Gettens,Kremenki,Accounting,$9057.94
Cammie,Ivshin,Oymak,Human Resources,$18753.61
Lesley,Dumini,Trá Mhór,Marketing,$12856.77
Ingra,Staite,Sungaikakap,Product Management,$39483.57
Hedvig,Dankersley,Dallas,Services,$13635.95
Dody,Cheshir,Hrotovice,Research and Development,$37690.23
Sandro,Pococke,Dongchuan,Marketing,$1648.66
Milzie,Buff,Lawa-an,Marketing,$27110.91
Tierney,Leabeater,La Tinguiña,Legal,$2699.25
Sherwynd,Pendleton,Saint-Amand-les-Eaux,Support,$33773.03
Erinn,Danahar,Östersund,Business Development,$28277.66
Nikkie,Jephcott,Shiziqiao,Accounting,$24069.54
Simone,Lillo,Pantijan No 2,Research and Development,$12617.09
Mirelle,Rameaux,Shimada,Training,$5237.23
Avrit,Pattinson,Gubskaya,Engineering,$6155.67
Rosa,Rushman,New Brunswick,Product Management,$31849.81
Jeth,Bellenger,Zhiryatino,Services,$31105.96
Trudy,Rolstone,Ilovlya,Business Development,$36795.25
Ailey,Timoney,Cibungur,Legal,$4682.04
Evangelia,Raiker,Malummaduri,Marketing,$2904.14
Gertrud,Paunsford,Jiangxigou,Engineering,$34809.88
Lyndel,Everall,Tongqian,Product Management,$18956.51
Pauline,Whenman,Sepekov,Business Development,$23567.29
Orton,Albin,Nevel’sk,Accounting,$26543.93
Aleece,Blazdell,Rousínov,Sales,$4490.79
Julius,Manuele,Puncaktugu,Engineering,$24704.70
Luelle,McCraine,Kota Trieng,Accounting,$13611.74
Cherlyn,Renfrew,Dayr Dibwān,Business Development,$10688.92
Fran,Simnor,Đắk Song,Research and Development,$4523.38
Viviyan,Jurasek,Xiangquan,Accounting,$10590.59
Cyb,Reynolds,Majiao,Services,$14691.23
Doralynn,Betz,Manjakandriana,Human Resources,$25468.86
Freddie,Lodwig,Braço do Norte,Business Development,$22146.11
Worden,McIver,Kario,Human Resources,$2105.81
Kippie,Hearons,Hammarö,Services,$38397.93
Lincoln,Macvain,Kapenguria,Support,$17061.77
Harman,Lamborne,Arlöv,Sales,$30514.93
Milo,Amos,Isla Verde,Engineering,$21574.59
Ashely,Schimaschke,Eastern Suburbs Mc,Business Development,$9661.05
Verine,Braxay,Sanjiang,Accounting,$35854.49
Annissa,Frome,Malá Strana,Services,$11630.11
Pen,Mathevet,Sablé-sur-Sarthe,Training,$4050.45
Cam,Sposito,Changxuanling,Sales,$38199.45
Daphna,Rossin,Mobara,Sales,$15419.70
Arluene,Bagnall,Yonghe,Engineering,$25595.25
Rudy,McTiernan,Bantengan,Research and Development,$35532.40
Panchito,Brownbridge,Canguaretama,Research and Development,$25811.89
Dennis,Kiehl,Ţafas,Business Development,$39471.54
Ardeen,Boocock,Guancheng,Product Management,$15385.29
Kenyon,Kellick,Radiměř,Accounting,$29905.56
Leighton,Zupo,Butel,Research and Development,$4614.23
Jessi,Allmen,Sabnova,Human Resources,$12647.36
Field,Mercer,Taodian,Training,$14511.11
Elysia,McCaughran,Pangpang,Marketing,$24494.65
Domini,Strutt,Fenglin,Engineering,$30777.33
Michaelina,Sellner,Mianay,Support,$23316.13
Chick,Hirjak,Ferreiros,Product Management,$13727.65
Kean,Ingray,Maskinongé,Business Development,$23963.72
Duncan,Alders,Huaqiao,Training,$8564.67
Ruthie,O'Gleasane,Esquina,Training,$34911.45
Ailene,Fitzsymons,Chaltyr,Services,$13340.72
Mallory,Belsey,Łagów,Business Development,$29899.67
Irv,Housam,Asímion,Business Development,$38482.17
Antons,Oldmeadow,Tuzhu,Legal,$17458.35
Whitby,Frosch,Qabqir,Training,$13738.10
Chelsea,Barkley,Baie-D'Urfé,Engineering,$16847.44
Nadiya,Andrejs,Ipauçu,Sales,$4346.31
Rodolphe,Van Rembrandt,Lazarevskoye,Support,$39882.16
Leonelle,Bowle,Charleston,Sales,$4857.19
Flint,Jolliman,Belleville,Services,$1999.68
Marita,Ricciardelli,Baz,Human Resources,$25184.80
Bea,Cashley,Chalchuapa,Product Management,$30281.08
Adan,Olech,Suhe,Research and Development,$16335.56
Ami,Mityashin,Mertani,Product Management,$14989.23
Marleen,Itschakov,Xiahong,Engineering,$1231.88
Clementia,Bettles,Brunssum,Engineering,$36846.61
Lethia,Blackman,Aeka,Sales,$27826.12
Swen,Cissell,Mahekou,Product Management,$12489.67
Niall,Penelli,Peddie,Legal,$31236.66
Sax,Vedenyakin,Tsaratanana,Product Management,$34198.17
Kevan,Franies,Yangtan,Product Management,$24993.71
Mitch,Darmody,Pretoria,Support,$25037.88
Coriss,Magister,Łopuszna,Services,$13623.94
Garrott,Pietrzak,Taotang,Marketing,$38461.30
Pammy,Rosenwald,Pojok,Product Management,$16801.26
Esteban,Latey,Stockholm,Engineering,$32107.61
Doria,Knellen,Tul’chyn,Research and Development,$9244.94
Bondie,MacNair,Finiq,Accounting,$13340.00
Kerby,Herion,Shengrenjian,Business Development,$22787.22
Cassaundra,Bere,Usatove,Legal,$34834.16
Thekla,Crapper,Lugu,Product Management,$26649.97
Giles,Dedon,Pančevo,Product Management,$16615.68
Innis,Wakenshaw,Chunjiang,Training,$25704.75
Stewart,Wallworth,Munjul,Accounting,$23832.09
Dodie,Edelman,Hongyansi,Accounting,$26506.45
Cristy,Bangle,Xilai,Services,$3997.59
Donica,Heineken,Yeysk,Marketing,$2854.76
Kaylil,Condict,Moulay Bouchta,Product Management,$4334.41
Wernher,Zink,Contramaestre,Support,$28958.89
Adaline,Collacombe,Wangi,Accounting,$9142.48
Hortense,Rouse,Bretaña,Business Development,$5985.64
Locke,Geldert,Changlin,Accounting,$19134.85
Derek,Vennard,Suqin Huimin,Sales,$39061.08
Hyacintha,Fewster,Gabès,Research and Development,$7468.30
Sadie,Tuxsell,Tonggu,Sales,$26414.54
Florence,Kayser,Mossendjo,Engineering,$10169.06
Marilyn,Klimuk,Rochester,Support,$24037.46
Sashenka,Truett,Paritaman,Product Management,$37407.13
Monique,Jandera,Maoshan,Human Resources,$11977.55
Abbey,Sanson,Mikulintsy,Accounting,$12185.71
Alvin,Wasylkiewicz,Sergokala,Research and Development,$18913.70
Lucine,Yaxley,Qinshi,Training,$35442.53
Gregor,Drakeford,Pasto,Marketing,$8373.75
Winnifred,Cabera,Semerak,Research and Development,$11111.11
Arlinda,Eastcourt,Aleg,Support,$17594.49
Dell,Burrel,El Corozo,Support,$7738.57
Raychel,Spenclay,Cipicung,Sales,$8909.45
Chane,Woolaghan,Farkhor,Business Development,$36469.71
Horatio,Roskeilly,Jatiprahu,Sales,$6202.38
Kaela,Ellershaw,Roanne,Business Development,$34607.20
Randolf,Normadell,Hongshan,Engineering,$8141.63
Pavia,Reolfi,Zaytā Jammā‘īn,Services,$6262.97
Arlina,Ritchard,Buenavista,Accounting,$25315.78
Josephina,Wybrew,Kemuning,Legal,$15372.81
Parrnell,Corradengo,Hengduo,Human Resources,$17611.90
Padraic,Luxmoore,Carolina,Support,$31944.01
Adolf,Hawson,Lopatyn,Accounting,$29335.17
Bobbye,Breadon,Burunday,Engineering,$14043.89
Westley,Boeck,Meru,Product Management,$18079.97
Lauralee,Murdy,Lameira,Engineering,$2568.42
Win,Arno,Chyhyryn,Engineering,$19352.24
Leighton,Kippax,Cunday,Training,$3147.74
Korey,Rockhall,Kangping,Business Development,$37240.86
Sheffield,Stickells,Xue’an,Business Development,$3840.06
Becca,Rubra,Lingqiao,Sales,$4026.59
Lorine,Piper,Tangqian,Legal,$7086.32
Dulsea,Bullant,Quankou,Marketing,$4695.79
Heddi,Giocannoni,Mariefred,Human Resources,$19179.63
Vidovic,Doram,Tieli,Research and Development,$14600.52
Darline,Macer,Sidikalang,Legal,$34964.27
Pernell,ffrench Beytagh,San Carlos,Accounting,$7914.09
Vickie,Gibbens,Farrokh Shahr,Accounting,$6411.61
Clem,Lynett,Concepción de La Vega,Training,$24023.01
Trueman,Phonix,Bendan,Business Development,$38591.23
Hurlee,Bealton,Ústí nad Labem,Legal,$11609.69
Kathye,Giacomello,Alagoa Grande,Legal,$11184.31
Alexandro,Lighton,Korogan Timur,Research and Development,$4162.99
Clark,Fessier,Mwembe,Accounting,$32683.33
Massimiliano,Finnigan,Giedlarowa,Engineering,$33133.37
Cordi,Nealand,Sasovo,Research and Development,$23436.07
Fallon,Thebes,Kenarilang,Product Management,$21586.94
Rafaelia,Bardwell,Birsa,Business Development,$27605.00
Emmye,Ambrogiotti,Chegang,Product Management,$5690.81
Geri,Scotchmer,Magbay,Research and Development,$23437.11
Annelise,Caulcott,Heping,Research and Development,$22236.56
Christophe,Hrus,Sondo,Human Resources,$14815.51
Catherina,Jindra,Laslovo,Business Development,$15846.55
Walther,Olenov,Tambakrejo,Human Resources,$9361.00
Deidre,Crosse,Nice,Training,$6653.78
Kattie,Knightly,Kobeřice,Human Resources,$26703.82
Filmore,Dugmore,Peachland,Engineering,$13411.83
Anissa,Newe,Sofia,Engineering,$32729.07
Donovan,Farnon,Paris 13,Business Development,$22478.21
Gayelord,Stadding,Phitsanulok,Training,$37912.03
Rani,Toppes,Hošťka,Accounting,$11953.68
Wilfred,Kauscher,Rakek,Research and Development,$22059.43
Ailyn,Arniz,Olsztynek,Research and Development,$35510.23
Dionne,Rustadge,Serra Negra,Sales,$31966.99
Queenie,Yeaman,Tsul-Ulaan,Services,$24490.92
Florette,Enticott,Jianchang,Legal,$24169.40
Derek,Glashby,Nyköping,Business Development,$38530.60
Yves,Pfaffe,Ribeirão Pires,Marketing,$19706.93
Jaymie,Guwer,Bera,Training,$12749.03
Meris,Mallison,Yala,Accounting,$14714.36
Codee,Himsworth,Rislane,Engineering,$38148.45
Theo,Kinavan,Landázuri,Research and Development,$11925.70
Adrian,Souter,Ramat HaSharon,Research and Development,$9264.16
Samara,Snowden,Oslo,Marketing,$6184.48
Abeu,Korting,Nejo,Business Development,$26317.75
Lilia,Selliman,Petrolina,Business Development,$35753.96
Enriqueta,Cowie,Bobolice,Sales,$20793.43
Portia,Teffrey,Pittsburgh,Support,$35475.13
Estevan,Tisun,København,Accounting,$23311.88
Sena,Archibould,San Juan,Accounting,$3425.98
Barbara,Coathup,Bayan,Marketing,$1905.98
Denny,Steely,Yongning,Services,$34588.36
Honey,Broy,Nantes,Services,$25255.16
Thia,Ficken,Khlong Hat,Human Resources,$5981.40
Lynnett,Stair,Yong’an,Services,$31276.93
Brock,Marvell,Brikama,Business Development,$38154.57
Alaric,Patterson,Zhongben,Legal,$38428.23
Elfrida,Letts,Placer,Accounting,$28035.52
Jeniffer,Lewnden,Bugcaon,Product Management,$16704.28
Danni,Meanwell,Kabulusan,Support,$21726.34
Barbette,Martini,Valdice,Marketing,$35985.16
Sigismond,Elders,Tekstil’shchiki,Marketing,$33320.30
Clarance,Cracoe,Lakinsk,Human Resources,$31034.11
Job,Cullen,Fálanna,Training,$31091.74
Lenore,Barwis,Durham,Product Management,$29928.97
Brad,Wallice,Poitiers,Engineering,$16294.33
Sarine,Blakeway,Timbiras,Services,$1283.41
Bogey,Wrigley,Palma De Mallorca,Accounting,$10173.40
Boot,Marshman,Ayamaru,Engineering,$21646.87
Carita,Dunlop,Al Ḩawātah,Product Management,$25195.10
Ninetta,Jahnke,Calçada,Human Resources,$37623.20
Weber,Gregorio,Basail,Services,$28414.85
Bentlee,Ruggieri,Tytuvėnėliai,Engineering,$32762.61
Elysia,Scroxton,Buenavista,Sales,$31027.54
Alika,Standbridge,Nong Saeng,Marketing,$18727.47
Pearle,Ellingham,Padangpanjang,Services,$32565.21
Martynne,Caulwell,Bendo,Human Resources,$8994.00
Lucas,Noquet,Kuala Bintang,Research and Development,$9976.32
Marylin,Aspinwall,Couto,Accounting,$27511.49
Tisha,Bim,Qalqīlyah,Engineering,$2547.94
Cam,Flacke,Passo,Marketing,$7750.42
Guntar,Plaskitt,Lo Prado,Legal,$34425.46
Evelyn,Bringloe,Baruunturuun,Services,$28899.24
Clarisse,Lindley,Sendai,Legal,$16877.12
Danna,Tenny,Laval,Marketing,$24436.72
Gibb,Abraham,Punkalaidun,Business Development,$15774.25
Linnie,Dunican,Heishan,Sales,$31578.44
Maire,Waterland,Nanzhen,Legal,$5751.09
Janela,Decruse,Tögrög,Services,$20218.92
Jeromy,Pherps,Chatian,Training,$29180.94
May,Chin,Kaa-Khem,Business Development,$11356.78
Brnaba,Habens,San Antonio de los Cobres,Human Resources,$7940.73
Vikki,Du Plantier,Kromy,Legal,$15208.74
Clint,Chinnock,Casal dos Bernardos,Legal,$1121.04
Joe,Donaher,Bulusari,Sales,$18761.50
Bertina,Sugars,Taboão da Serra,Human Resources,$35389.50
Riobard,Gepson,Qinglong,Research and Development,$39703.27
Moses,Peert,La Libertad,Training,$30701.02
Jaquith,Burg,Gaotian,Human Resources,$14820.34
Nicholle,Gianiello,Pasarkuok,Sales,$15648.02
Kennett,Newvell,Gandu,Product Management,$17223.78
Caty,Bollands,Graikochóri,Research and Development,$2623.54
Albert,Buterton,Muyudian,Marketing,$8594.05
Fianna,Doogue,Vodňany,Human Resources,$5302.20
Thaddus,Comberbeach,Beška,Services,$22134.04
Sara,Pallant,Pleshanovo,Training,$25186.86
Wilburt,Gershom,Clones,Support,$1273.03
Nissa,Twitchett,Cabrobó,Services,$23107.22
Mickie,Gabbotts,Beigang,Human Resources,$14694.29
Maje,Gibbings,Ziyang Chengguanzhen,Accounting,$18205.99
Cilka,Deverille,Liqi,Sales,$33257.77
Janenna,Napper,Tarko-Sale,Business Development,$37026.68
Devan,Fassbindler,Vishnyeva,Accounting,$2739.16
Booth,Desporte,Jabonga,Support,$35126.09
Tomlin,Lighten,Taotang,Accounting,$15880.78
Ulrika,Piell,Minsk,Human Resources,$38885.41
Kendra,Banger,Nabunturan,Sales,$35017.74
Padraig,Plaister,Bogoria,Marketing,$38761.24
Dom,Gamell,Tsagaandörvölj,Accounting,$11264.20
Liz,Longfut,Wenjiao,Support,$12094.78
Jewell,Salkeld,Sosnówka,Research and Development,$11723.17
Roderic,Mayne,Vidovci,Accounting,$15820.41
Thorsten,Kissell,Banepa,Product Management,$27205.76
Maurise,Hexum,Hua Hin,Engineering,$11808.74
Jasmin,Vero,Baiju,Human Resources,$15248.96
Mackenzie,Solon,Morávka,Services,$29331.65
Brian,Kopfen,Sawara,Accounting,$38409.54
Owen,Stobbes,Kobarid,Marketing,$5257.90
Weston,Aleksahkin,São Luiz Gonzaga,Business Development,$4771.05
Francene,Ewbanche,San Diego,Product Management,$33816.66
Ozzy,Atlay,Gorey,Business Development,$7399.58
Estel,Northcote,Diawara,Accounting,$9108.89
Andy,Lawey,Rufino,Training,$26463.37
Reyna,Vanyushin,Catarina,Human Resources,$23758.65
Janel,Hardiker,Luti,Human Resources,$29968.97
Dehlia,Walaron,Lijiazui,Training,$35713.39
Sheeree,Bool,Yizhivtsi,Legal,$38598.46
Isidora,Townsend,Shah Alam,Human Resources,$24900.53
Norri,Michelin,Shanhou,Product Management,$18993.86
Avery,Grassick,Białobrzegi,Business Development,$9845.39
Kayle,Boxer,Zhamog,Sales,$35724.54
Waldo,Leaman,Albacete,Engineering,$38929.53
Debbi,Yakunkin,Vårgårda,Business Development,$37927.56
Rochell,Hynde,Turiys’k,Accounting,$14880.34
Berte,Streatley,Cabinda,Research and Development,$16221.91
Sybille,Tapscott,Xushan,Services,$20615.35
Babara,Keijser,Union,Engineering,$34557.15
Maribelle,Hansie,Xihe,Product Management,$1988.24
Joyann,Frift,Naqadeh,Sales,$19396.60
Salmon,Hawsby,Huajlaya,Legal,$24790.05
Brittaney,Wallbanks,La Plaine-Saint-Denis,Human Resources,$35155.96
Chicky,Coweuppe,Virden,Sales,$24037.74
Roi,Brolechan,Bulembu,Training,$16471.26
Fonz,Aiken,San Juan,Human Resources,$37468.60
Ogdon,Melmore,Baolin,Product Management,$6785.91
Tiffy,Newburn,Beauceville,Sales,$19843.08
Almeda,Sparsholt,Glyadyanskoye,Sales,$29142.81
Eddie,Border,Gandiaye,Support,$27895.36
Catrina,Setterthwait,Onan Ganjang Satu,Human Resources,$23571.15
Milt,Mendonca,Orkney,Engineering,$30106.55
Krystal,Biddy,Huangbayi,Services,$28237.41
Malchy,Woollard,Ribeira Grande,Research and Development,$39099.98
Christiane,Sindall,Turba,Legal,$4915.59
Ally,Gatlin,Kumba,Human Resources,$35321.09
Evin,Chappelow,Gaojiazhuang,Business Development,$11440.01
Even,Tunnoch,Balong Wetan,Human Resources,$10803.64
Austine,Kembley,Engel’-Yurt,Support,$27127.24
Wayne,Eldrid,Grabica,Training,$8349.40
Sharai,Limrick,Ciparakan,Research and Development,$37092.56
Goldie,Fritz,Uppsala,Services,$2591.55
Margalo,Blest,Maxu,Services,$25659.13
Laney,Gloves,Weyburn,Accounting,$2612.00
Tildi,Alison,Fuhe,Training,$8289.90
Dael,Gregori,Dengjiang,Research and Development,$16830.93
Alikee,Doree,Damāvand,Human Resources,$36697.58
Richmond,MacNeely,Gubengairlangga,Product Management,$13808.36
Louisa,De Lisle,Jinotega,Services,$36104.72
Shaine,Ondrousek,Jinchang,Research and Development,$5439.68
Isabelita,Howchin,Zhetian,Legal,$38155.09
Rickey,Venediktov,Chavão,Sales,$37899.78
Jordan,Polglase,Weichanglu,Research and Development,$16749.02
Renaldo,Croutear,Kameyama,Product Management,$2926.84
Anabelle,Pepineaux,Qal‘ah-ye Kuhnah,Business Development,$39476.43
Johnathan,Ascraft,Azaruja,Business Development,$19096.41
Carmela,Giacoboni,Nambak Tengah,Services,$30790.21
Zach,Kittman,Glushkovo,Business Development,$11504.53
Juanita,Denisevich,Sindangsari,Services,$26651.36
Tiler,Zoephel,Zhaizigou,Accounting,$16366.73
Andras,Boyton,Järfälla,Sales,$22674.52
Corabella,Gee,Žiželice,Support,$9323.79
Alexei,Gourley,Kitakata,Research and Development,$36556.92
Jany,Tatlock,Alegrete,Business Development,$6263.50
Tresa,Hellmer,Hovd,Business Development,$27352.64
Carree,Camelia,Fastovetskaya,Training,$17131.18
Gates,Wasson,Balgarevo,Training,$6391.46
Electra,Lettsom,Tamamura,Engineering,$9543.81
Frankie,Booij,Chocz,Engineering,$29223.22
Filberte,Rowling,Solina,Engineering,$12929.38
Devy,Sunley,Huanchaco,Accounting,$10779.69
Brooke,Gilder,Ushi,Accounting,$27498.37
Quint,Bree,Chambéry,Services,$8745.36
Enrique,Somner,Dzüünbulag,Business Development,$28892.58
Dara,Kirwin,Shuakhevi,Accounting,$36700.60
Waldemar,Ikin,Cungapmimbo,Human Resources,$29262.65
Faunie,Skates,Battaramulla South,Accounting,$11095.27
Evyn,Denzilow,Mulino,Accounting,$4840.93
Tildi,Rushford,Ţubarjal,Research and Development,$9374.59
Haydon,Ferry,Sergokala,Engineering,$35707.50
Will,Troctor,Passagem,Marketing,$17609.71
Paddy,Stickel,Mersam,Sales,$17312.42
Sandra,Lacotte,Xitou,Training,$8087.63
Owen,Hamill,Beirut,Engineering,$1112.87
Henrietta,Schultze,Igarapé Açu,Legal,$37970.24
Harrietta,Wrack,Jarry,Product Management,$29113.84
Patience,Blowers,Nantes,Research and Development,$7631.83
Roi,Imeson,Ustrzyki Dolne,Services,$26700.86
Cristobal,Dalgarnocht,Nürnberg,Human Resources,$21679.60
Deina,Macy,Bordeaux,Training,$1394.23
Evaleen,Petticrew,Changbu,Business Development,$15827.23
Casi,Trussman,Guanchi,Accounting,$8458.11
Orelee,Kelway,Ibeto,Human Resources,$13658.73
Rolland,Martinovsky,Pangrumasan,Human Resources,$18054.76
Marline,Vinton,Floreşti,Sales,$33249.84
Vikky,Peinton,Tala,Engineering,$9358.63
Orlan,Gerrens,Ivanovskoye,Training,$3348.68
Kala,Fitzpatrick,Henglin,Accounting,$26966.23
Hildagarde,Rowes,Bratsk,Marketing,$28865.53
Jessamyn,Magee,Warungawi,Business Development,$13868.95
Basil,Gartan,Aoji-ri,Research and Development,$33283.25
Gnni,Mathes,Aipe,Training,$21731.91
Anselm,Heaslip,Yasenskaya,Research and Development,$7569.62
Francine,Paskins,Djibo,Training,$23377.56
Mora,Catterell,Picassinos,Services,$28519.04
Kassi,Castagnet,Sendai,Training,$9774.88
Agretha,Hacard,Tsurib,Sales,$19865.48
Lurline,Cearley,Wanglinkou,Accounting,$17951.74
Brandi,Diamant,Perivólia,Training,$9590.86
Aaren,Rance,Pleven,Marketing,$33542.73
Leonanie,O' Donohue,Gufeng,Human Resources,$36175.87
Waverly,Richardes,Dongmafang,Sales,$12752.75
Jeannie,Cratere,Lampitak,Marketing,$29676.45
Joelle,Heyfield,Gondar,Research and Development,$5607.78
Marnia,Wybourne,Roun Satu,Training,$39689.54
Tyson,Chattock,Marína,Research and Development,$31016.86
Adler,Hellsdon,Kousa,Product Management,$18396.69
Abrahan,Soitoux,Daming,Research and Development,$6440.85
Rickey,Kersaw,Sekartaji,Legal,$39397.98
Karlotte,Stripp,Mardakyany,Sales,$35686.89
Georgie,Fandrich,Wojnicz,Legal,$6555.23
Fedora,Tuohy,Palaiseau,Human Resources,$28835.67
Olympe,McKeighan,Longyearbyen,Marketing,$12334.56
Arthur,Longland,Talshand,Product Management,$11694.43
Arel,Gatland,Piancheng,Support,$24574.20
Sari,Bassford,Qianzhou,Marketing,$39939.02
Joelle,Swaysland,Perepravnaya,Training,$27224.08
Juan,Bothams,Santo Niño,Services,$12133.93
Faunie,Bryns,Kępice,Accounting,$23009.03
Teodorico,Oddey,Miskindzha,Marketing,$3928.54
Andreas,Elsdon,Ad Dawādimī,Engineering,$26998.54
Sumner,Gibb,Rochester,Human Resources,$28991.70
Aluin,Yorkston,Vetlanda,Support,$6374.98
Amara,Benion,Frýdek-Místek,Accounting,$7525.20
Franchot,McGorman,Port Washington,Sales,$37108.69
Carmon,McGarrity,Jingyang,Services,$12222.84
Theressa,Lowen,Stenungsund,Sales,$7990.36
Rurik,Witheridge,Lingyang,Sales,$30560.45
Saul,Hawkslee,Fengcheng,Sales,$16954.66
Hollie,Prevett,Auch,Human Resources,$26654.87
Gladys,Bissatt,Tandil,Accounting,$14655.83
Mariette,Kalker,Noisy-le-Grand,Human Resources,$27725.04
Susann,Schulkins,Santa Rita,Product Management,$22753.16
Torry,Bour,Veles,Marketing,$25516.46
Mychal,Attle,Kayanza,Training,$39217.07
Hedwiga,Coalburn,Bayabas,Marketing,$24147.20
Marcile,Tenwick,Radenka,Product Management,$31196.03
Louis,Bwye,Punta de Bombón,Research and Development,$33185.44
Annis,D'Elias,Chengfeng,Sales,$22101.55
Maura,Ciccarelli,Sainte-Anne-des-Monts,Research and Development,$5811.34
Kimberli,Rosenfrucht,Fukuroi,Research and Development,$25643.30
Robbyn,Blackesland,Tisul’,Legal,$7913.13
Dehlia,Faulkener,Penhold,Support,$21018.38
Clementina,Wardrop,Brněnec,Marketing,$33284.09
Piggy,Knock,Vacov,Sales,$30802.29
Farr,Applin,Lambangan Kulon,Human Resources,$15482.69
Reuben,Nansom,Yefimovskiy,Engineering,$9929.88
Clemmy,Appleby,Nancy,Services,$8364.87
Heida,Goch,Frankfurt am Main,Engineering,$8746.70
Joyann,Bloodworthe,Adjumani,Legal,$6260.53
Der,Neem,Sanlei,Support,$9468.19
Codee,Standbridge,Lutomiersk,Engineering,$2843.06
Candie,Lorraway,El Cuy,Product Management,$21269.22
Duffie,Gianulli,Bungbulang,Training,$32594.60
Xaviera,Moriarty,Comagascas,Research and Development,$38979.54
Theressa,Teall,Oenpeotnai,Support,$2316.40
Nat,Dibley,Felege Neway,Product Management,$35248.41
Winnie,Alderwick,Dongmafang,Engineering,$20764.00
Francois,Gaunt,Yangmiao,Marketing,$7373.64
Frederica,Jeremaes,Borik,Marketing,$22974.89
Elvis,Bransden,Pondokkaha Kelod,Marketing,$4640.55
Frasquito,Salla,Żarki,Accounting,$37329.48
Diane-marie,Decourt,Mantalongon,Training,$11623.44
Danyette,Burg,Hengdian,Product Management,$25557.08
Roanna,Warlawe,Puerto Iguazú,Engineering,$1352.71
Clair,Diter,Göteborg,Product Management,$7561.10
Johna,Goncalo,Vallentuna,Product Management,$31366.52
Marietta,Shakshaft,Farkhor,Training,$35610.39
Dareen,Trousdale,Altona,Support,$2724.40
Billye,Boord,Shiqiao,Business Development,$39726.82
Katrine,Mosedall,Phanom Phrai,Support,$2529.01
Linn,Spaduzza,Macapá,Human Resources,$30904.26
Wilbur,Nesby,Šipovo,Services,$21703.97
Harlan,Nellis,Vassouras,Research and Development,$25284.76
Jacquenetta,Andrejs,São Leopoldo,Human Resources,$26417.25
Barbee,Scouler,Āgaro,Product Management,$23949.97
Eddy,Mickelwright,Vypolzovo,Business Development,$17642.35
Monroe,Calton,København,Services,$13423.69
Callean,Leeburne,Kamubheka,Marketing,$32318.60
Kass,Gartshore,Kingston,Legal,$17732.38
Melamie,Andrus,Yuntan,Sales,$31728.13
Ali,Petrenko,Estoril,Services,$13353.52
